timestamp,temperature,humidity,sound
2025-11-13 16:56:44.271857,43.81706732081042,40.50761065794975,72.66707931408473
2025-11-13 16:56:47.271857,41.545934881669346,49.17496160575733,69.4913300096605
2025-11-13 16:56:50.271857,39.7145620709135,54.51100755107254,50.647600526500334
2025-11-13 16:56:53.271857,48.89608157845389,47.368955939393615,75.448582676577
2025-11-13 16:56:56.271857,47.67007919773082,52.0554669412925,66.15619233934179
2025-11-13 16:56:59.271857,47.606891697297556,52.98323358019828,59.965431855978146
2025-11-13 16:57:02.271857,50.32600906797327,46.44041924139599,64.79643473324315
2025-11-13 16:57:05.271857,40.202272595195836,55.99549667579321,54.413760781221015
2025-11-13 16:57:08.271857,42.90786278132649,46.57071843012295,64.28139689046509
2025-11-13 16:57:11.271857,50.44428063960045,48.16892364274336,49.92719284530135
2025-11-13 16:57:14.271857,56.78019762371115,55.215967957500496,63.32348869763313
2025-11-13 16:57:17.271857,38.638243001927115,44.999144341307215,52.66308198807436
2025-11-13 16:57:20.271857,45.96295913996291,60.075237969237385,44.238630799489414
2025-11-13 16:57:23.271857,48.485172970628106,57.16192922100667,57.1806955951075
2025-11-13 16:57:26.271857,40.607295153617784,59.25180857849581,54.700935236603414
2025-11-13 16:57:29.271857,43.64629849916947,43.77711277196372,65.85091932437149
2025-11-13 16:57:32.271857,44.64825918522983,55.1047973575547,68.31004999824327
2025-11-13 16:57:35.271857,39.257604991783296,45.21161383739722,59.8751641850192
2025-11-13 16:57:38.271857,38.20818806034056,56.10214786597994,69.33116012380597
2025-11-13 16:57:41.271857,40.539141422594575,54.12925229650321,64.64743279596235
2025-11-13 16:57:44.271857,48.10171284039876,47.09190570282623,55.63086709287276
2025-11-13 16:57:47.271857,53.33300606047683,48.98065327561634,58.94214691223642
2025-11-13 16:57:50.271857,50.64621011649918,55.48984323770401,59.17259231506358
2025-11-13 16:57:53.271857,46.486199722535815,46.98288852738448,62.94066901253814
2025-11-13 16:57:56.271857,50.503981658059885,46.06504395952126,68.21927638908517
2025-11-13 16:57:59.271857,55.689349012229755,50.325275731100795,69.35063865615805
2025-11-13 16:58:02.271857,38.498269129002225,60.73903714425498,72.77933859810094
2025-11-13 16:58:05.271857,43.6094067123428,49.54970223970989,69.24072715251134
2025-11-13 16:58:08.271857,48.70913012426656,56.01023309842482,65.25071844320831
2025-11-13 16:58:11.271857,40.15437201232328,47.16435814643818,53.23052172843529
2025-11-13 16:58:14.271857,48.55212993834275,53.26267271169594,53.051693462904055
2025-11-13 16:58:17.271857,42.42532387149821,53.299967110210815,48.73359136121492
2025-11-13 16:58:20.271857,40.54992868399941,57.82210308301801,66.41461238557866
2025-11-13 16:58:23.271857,46.98334430177051,48.8503129070371,61.863040543188184
2025-11-13 16:58:26.271857,43.68718618727885,42.282110302009684,63.30861908962379
2025-11-13 16:58:29.271857,45.45006729475439,40.63646759595314,70.3942341905603
2025-11-13 16:58:32.271857,45.10507984597499,42.01585131022431,60.351551771658144
2025-11-13 16:58:35.271857,45.41833704858074,55.919417122780914,66.75558776134659
2025-11-13 16:58:38.271857,41.96367884331349,43.03051707461169,63.531175638233734
2025-11-13 16:58:41.271857,40.49425852664525,64.77322087190723,70.71183416625593
2025-11-13 16:58:44.271857,45.89838933382725,57.202562778753006,54.28710351759559
2025-11-13 16:58:47.271857,54.62954319787457,48.816692200290646,59.89181752268591
2025-11-13 16:58:50.271857,46.58549180492304,54.60573259266181,62.23991285050389
2025-11-13 16:58:53.271857,48.404756492491614,55.04251848092324,58.760983814251034
2025-11-13 16:58:56.271857,48.065213364728685,51.6895839554992,61.520612272594526
2025-11-13 16:58:59.271857,46.55490795999458,50.00362889882593,52.00936415098778
2025-11-13 16:59:02.271857,48.37835054367251,33.681793835035776,52.1788627337614
2025-11-13 16:59:05.271857,46.01756677808346,60.35777912903973,62.59849863474399
2025-11-13 16:59:08.271857,50.2349102657082,36.47242877215858,66.73707370386765
2025-11-13 16:59:11.271857,49.7265743413117,48.828334200182375,67.01699973587813
2025-11-13 16:59:14.271857,41.75678886367152,43.21934462831247,62.14950130184936
2025-11-13 16:59:17.271857,42.90277940442587,58.6262759678445,56.08610672088043
2025-11-13 16:59:20.271857,41.70959965012967,49.24912859678981,64.63294428099769
2025-11-13 16:59:23.271857,44.56785421423791,47.06061651627342,59.792998965342825
2025-11-13 16:59:26.271857,40.62966784940398,37.50209919696121,61.632556947282346
2025-11-13 16:59:29.271857,49.287285567166364,45.896399957933994,60.470463613254125
2025-11-13 16:59:32.271857,46.94418023745901,52.41893822786956,56.88135627264376
2025-11-13 16:59:35.271857,42.212682529869376,51.97690321398758,51.918183604995264
2025-11-13 16:59:38.271857,39.25899946519026,47.25385743987952,69.68523729562477
2025-11-13 16:59:41.271857,46.43715628068637,51.47741569146998,55.975973950193854
2025-11-13 16:59:44.271857,38.67669584446237,37.489592652485065,53.208156241815914
2025-11-13 16:59:47.271857,50.955891420359436,50.40801210472423,60.79149993476774
2025-11-13 16:59:50.271857,47.87936862199297,43.45464156199656,61.601263619898624
2025-11-13 16:59:53.271857,45.49464828650454,63.02706462106422,61.58984918309735
2025-11-13 16:59:56.271857,32.42657719113517,41.3567869222233,63.43669718027557
2025-11-13 16:59:59.271857,46.26202814752727,41.33660046415541,64.43428379109342
2025-11-13 17:00:02.271857,47.62948957248429,51.96567034330096,50.48338937903394
2025-11-13 17:00:05.271857,41.10555345910641,62.60934043305159,52.03746307341321
2025-11-13 17:00:08.271857,41.24170666233815,59.781216631963446,43.54656891570849
2025-11-13 17:00:11.271857,50.37444824351852,55.03449146844595,65.53842463476272
2025-11-13 17:00:14.271857,43.16746143910729,38.44658626628821,61.827277929120285
2025-11-13 17:00:17.271857,52.84061919317746,48.02083212823453,68.22576219302115
2025-11-13 17:00:20.271857,40.52471045623267,38.818214076654975,54.579372650093745
2025-11-13 17:00:23.271857,46.29781144182753,49.958344476892464,68.47723670555213
2025-11-13 17:00:26.271857,44.8560027348201,52.30890751563836,66.04108342023508
2025-11-13 17:00:29.271857,40.07930149586372,54.92048092695684,65.41818712085008
2025-11-13 17:00:32.271857,38.28561951594714,49.523783362809546,62.97090681165401
2025-11-13 17:00:35.271857,41.66096685399961,50.143234763593675,62.511014274312394
2025-11-13 17:00:38.271857,40.650849234382044,49.55616650970897,54.55418130389167
2025-11-13 17:00:41.271857,50.22916216416256,34.96523398227134,64.39112534230009
2025-11-13 17:00:44.271857,47.926255849988465,42.78827931219781,54.95342318991694
2025-11-13 17:00:47.271857,53.66377072987078,46.334233659193174,59.727329133426814
2025-11-13 17:00:50.271857,48.00024226233894,49.6119655773913,57.74321071382582
2025-11-13 17:00:53.271857,49.77880914997623,47.266315255978,61.30018667498771
2025-11-13 17:00:56.271857,45.93345565864893,44.13627901117942,59.102754757023526
2025-11-13 17:00:59.271857,50.476246636545014,51.10206195470042,60.613643963133235
2025-11-13 17:01:02.271857,45.085838897636016,41.70643452578081,63.28513522226337
2025-11-13 17:01:05.271857,33.47957426075425,44.83185999636795,61.51631087639853
2025-11-13 17:01:08.271857,44.871276363688686,58.44455743832136,61.325644099900344
2025-11-13 17:01:11.271857,51.23343034838647,47.85185432866733,63.62879256380345
2025-11-13 17:01:14.271857,49.552328735035566,48.71296983859735,62.279376205951074
2025-11-13 17:01:17.271857,46.175309547562875,53.72992330519987,59.3782868170747
2025-11-13 17:01:20.271857,48.42910060056019,52.498589912115406,63.581381645442896
2025-11-13 17:01:23.271857,49.25290549437808,50.0337535860982,60.02081427588566
2025-11-13 17:01:26.271857,38.692908101056084,49.73805643146632,63.84655824132267
2025-11-13 17:01:29.271857,37.29193536649161,47.3525327207043,63.04741070589988
2025-11-13 17:01:32.271857,39.12008457327168,43.95640257814229,59.92010729941512
2025-11-13 17:01:35.271857,45.24987765072562,34.792413364749294,56.24166522871575
2025-11-13 17:01:38.271857,38.68999992082693,55.879101184226464,66.55902982830425
2025-11-13 17:01:41.271857,41.13485537397041,45.11259152298868,62.603196424570605
2025-11-13 17:01:44.271857,49.14420864352223,54.72644516487484,60.197330355184434
2025-11-13 17:01:47.271857,45.319871405496535,49.984767443706424,72.18453714804878
2025-11-13 17:01:50.271857,33.9012898204848,57.73953924857604,76.56448673315086
2025-11-13 17:01:53.271857,42.22262671011976,45.30877711335283,60.6701069825491
2025-11-13 17:01:56.271857,41.46408528476869,39.5009332979911,49.130726192951926
2025-11-13 17:01:59.271857,44.96905780974866,60.96103689290709,55.306632898511985
2025-11-13 17:02:02.271857,58.127683564459296,44.64475881373822,63.17613162708965
2025-11-13 17:02:05.271857,43.60647410389088,49.11779468177084,59.637580837017
2025-11-13 17:02:08.271857,43.96773887496944,64.1013189672995,60.34639955679264
2025-11-13 17:02:11.271857,47.30356774833531,49.41043052409021,55.49755399125542
2025-11-13 17:02:14.271857,48.663358549505816,43.665219304017995,60.679319043147004
2025-11-13 17:02:17.271857,45.99176682336614,54.094652684352326,64.88424394739421
2025-11-13 17:02:20.271857,51.901874898376974,43.682527306981015,59.72512657015595
2025-11-13 17:02:23.271857,41.251306986466105,52.881640061865916,56.24542101299763
2025-11-13 17:02:26.271857,31.64997710997774,45.299027088787895,68.71673631097524
2025-11-13 17:02:29.271857,29.660118922579173,49.68219539390136,73.07036343740035
2025-11-13 17:02:32.271857,45.26899701421862,44.28367858088999,58.08143586175906
2025-11-13 17:02:35.271857,36.44876694090812,46.02267863096638,56.50190952333211
2025-11-13 17:02:38.271857,48.9893946060002,51.166723754688014,57.41184433522186
2025-11-13 17:02:41.271857,40.353183819760154,39.87409352113237,62.85221543582212
2025-11-13 17:02:44.271857,46.51676947117111,46.20852900494614,48.30041358956663
2025-11-13 17:02:47.271857,45.39039363756627,51.16088842437618,54.905525606590146
2025-11-13 17:02:50.271857,48.331482895656016,56.019330442803664,63.231707334346424
2025-11-13 17:02:53.271857,44.76506276564027,46.8152094236115,57.731924982933435
2025-11-13 17:02:56.271857,41.44508700754357,48.62837180268004,62.544827169321174
2025-11-13 17:02:59.271857,40.30365811892372,48.766925420094516,66.94044185785455
2025-11-13 17:03:02.271857,41.95053292401127,57.82980696194945,58.74042935412261
2025-11-13 17:03:05.271857,37.97400373183306,43.460086108949156,58.67235089164059
2025-11-13 17:03:08.271857,47.18895672066482,51.66287050302286,61.58875233346917
2025-11-13 17:03:11.271857,45.602868074150486,48.42169901198612,54.993064263515286
2025-11-13 17:03:14.271857,34.39195560608216,48.47564981022354,69.65193383438657
2025-11-13 17:03:17.271857,44.20165571864339,50.76295706000626,51.932421062959506
2025-11-13 17:03:20.271857,39.26300197305231,58.6054930876446,62.85017175837276
2025-11-13 17:03:23.271857,45.91231517157588,42.211673921398244,67.87754895678262
2025-11-13 17:03:26.271857,40.916903912691645,43.967751329437974,55.674560084462364
2025-11-13 17:03:29.271857,37.0561682235472,53.66146838822488,55.11601624236111
2025-11-13 17:03:32.271857,49.388798451282675,49.76678097200268,63.163641718551276
2025-11-13 17:03:35.271857,36.33766924612216,48.805481087376414,60.29248712744384
2025-11-13 17:03:38.271857,34.94378217123585,54.69532110478626,56.86725206078138
2025-11-13 17:03:41.271857,50.05183322181184,43.250735325905666,62.426125226726505
2025-11-13 17:03:44.271857,35.88519231039941,56.95266244454205,59.40780145300581
2025-11-13 17:03:47.271857,45.71309582680951,60.242906635381395,57.612276474659545
2025-11-13 17:03:50.271857,44.39249720764218,58.485893604509364,54.34949759686222
2025-11-13 17:03:53.271857,45.8368495321784,39.62478083084011,73.11874806955254
2025-11-13 17:03:56.271857,45.795417086855565,43.3011244647209,64.88795458457174
2025-11-13 17:03:59.271857,46.06876633080163,62.29935288571963,62.69694190466683
2025-11-13 17:04:02.271857,49.17787761974624,33.288212798813035,49.9485528489352
2025-11-13 17:04:05.271857,37.59406285527919,51.907764539182786,64.84931742450439
2025-11-13 17:04:08.271857,45.173636998643694,53.67778275083475,57.490458952171494
2025-11-13 17:04:11.271857,50.29730638246581,43.91083722042712,55.53707619930802
2025-11-13 17:04:14.271857,58.54587111066667,56.14319576502936,63.12897951945368
2025-11-13 17:04:17.271857,40.180556199550296,44.557969619473994,60.540436828395414
2025-11-13 17:04:20.271857,47.30862167411486,47.8454657675609,54.053619695776945
2025-11-13 17:04:23.271857,50.83910522510003,50.11906693465991,59.59823613783765
2025-11-13 17:04:26.271857,45.6801372789359,49.14855717049618,56.28494240990229
2025-11-13 17:04:29.271857,39.732244242144404,53.77735090140545,59.43337591771923
2025-11-13 17:04:32.271857,39.910609870305805,48.49929845535758,60.405193934019685
2025-11-13 17:04:35.271857,35.607831717030066,52.659668230788995,74.06322774769924
2025-11-13 17:04:38.271857,38.631746948689035,49.253757827476036,63.523793568143915
2025-11-13 17:04:41.271857,41.46389900066068,55.268395166095495,65.33136978999757
2025-11-13 17:04:44.271857,46.99784206921362,51.32801667255962,49.042852585327026
2025-11-13 17:04:47.271857,49.48292828110445,53.49293517952313,54.56742318110242
2025-11-13 17:04:50.271857,45.737639278241424,53.356827904421294,59.88534630496944
2025-11-13 17:04:53.271857,50.02875996882975,58.208211002273096,57.58953511134058
2025-11-13 17:04:56.271857,38.42624471017977,42.40870146260412,63.74529242150889
2025-11-13 17:04:59.271857,43.78227098837551,54.34899465790378,54.18371651415322
2025-11-13 17:05:02.271857,45.75115903927344,48.97369033390265,67.86731793570566
2025-11-13 17:05:05.271857,51.713989752475335,43.113065652925464,70.02980742948331
2025-11-13 17:05:08.271857,50.295620763642795,46.06881018528179,52.05574435851197
2025-11-13 17:05:11.271857,49.3637073145871,39.91511496945731,63.82844308748025
2025-11-13 17:05:14.271857,33.65050224564205,44.59281388068609,62.7308367985485
2025-11-13 17:05:17.271857,38.18763122153273,50.22366228602,67.58334261361152
2025-11-13 17:05:20.271857,52.215292023259025,47.89490370463007,52.543476868564476
2025-11-13 17:05:23.271857,42.60175144287119,55.74886051932548,51.67013890185165
2025-11-13 17:05:26.271857,52.004159352014376,44.589392906205106,56.866317831300734
2025-11-13 17:05:29.271857,40.78708412752232,41.722920519040684,59.52086786886661
2025-11-13 17:05:32.271857,43.05369041231689,52.37712864425559,55.05039818696381
2025-11-13 17:05:35.271857,50.81624060702873,36.36181559484042,68.88143854801166
2025-11-13 17:05:38.271857,46.91292612029227,55.792199041971074,53.304805944959
2025-11-13 17:05:41.271857,47.15164827138381,60.186893013158155,54.535746282561846
2025-11-13 17:05:44.271857,41.27394958795594,56.442752736029625,55.816055119477696
2025-11-13 17:05:47.271857,54.77831926217155,56.905009841471575,48.069457806248195
2025-11-13 17:05:50.271857,46.17714087902439,30.629505640829553,60.275020166878356
2025-11-13 17:05:53.271857,46.89080935311306,48.38121142034481,59.83633408840203
2025-11-13 17:05:56.271857,50.31076901398404,44.02053566146736,59.82370757713263
2025-11-13 17:05:59.271857,45.68634191120855,43.28494002787723,54.72858112865956
2025-11-13 17:06:02.271857,46.57059971337081,40.74361296251636,52.944925525997206
2025-11-13 17:06:05.271857,50.69223107576694,55.81182185843718,60.46982190049136
2025-11-13 17:06:08.271857,47.80604977739441,48.74104907541422,66.94963382027956
2025-11-13 17:06:11.271857,47.41017401398739,44.057404309510474,57.166849540162
2025-11-13 17:06:14.271857,45.41622311177195,63.027848091033846,56.92740001597701
2025-11-13 17:06:17.271857,37.00512300993488,39.952086452030436,57.792871407415916
2025-11-13 17:06:20.271857,45.455775912460275,68.03504164248082,46.44578568261584
2025-11-13 17:06:23.271857,50.7545746687143,48.629080918444906,50.01258629644041
2025-11-13 17:06:26.271857,49.299065880980045,63.83979537196728,61.19133370918646
2025-11-13 17:06:29.271857,42.496720742339505,45.86576588008397,65.29519169568242
2025-11-13 17:06:32.271857,52.793020522707316,54.51917966694646,56.559789049486234
2025-11-13 17:06:35.271857,33.48234745785068,55.26085056425615,56.70912184290552
2025-11-13 17:06:38.271857,33.696324323864424,45.420389107847114,58.88363315353476
2025-11-13 17:06:41.271857,51.81675664558074,48.55444208518975,66.29188622309779
2025-11-13 17:06:44.271857,46.26852498932013,37.290706921330965,53.144044523458895
2025-11-13 17:06:47.271857,47.18840240547557,42.107770086194535,60.83312911775126
2025-11-13 17:06:50.271857,51.128090540295695,45.69529302067715,65.84204555741132
2025-11-13 17:06:53.271857,38.95204941575427,52.95770974750195,66.28485752629763
2025-11-13 17:06:56.271857,46.848527716634024,55.79785031870692,68.12095512611909
2025-11-13 17:06:59.271857,49.01682329212972,50.17055573172493,50.68470462928874
2025-11-13 17:07:02.271857,50.1763433621352,53.521905215100176,56.981733289576596
2025-11-13 17:07:05.271857,50.233669775349085,51.92651667067342,51.54186972878583
2025-11-13 17:07:08.271857,53.041522762119484,45.04058541706726,70.77609500837536
2025-11-13 17:07:11.271857,43.540242829920714,45.31389108762786,57.6061706154213
2025-11-13 17:07:14.271857,46.92090392282828,44.056717927648975,56.652463739228104
2025-11-13 17:07:17.271857,46.48897003476883,62.213918154297204,59.17898522553152
2025-11-13 17:07:20.271857,43.096339692463346,46.93219001607689,48.38426722833673
2025-11-13 17:07:23.271857,40.155779406679,44.45459092987091,60.2695679954629
2025-11-13 17:07:26.271857,52.5834018614582,45.05658172090417,64.7973333303224
2025-11-13 17:07:29.271857,36.67869899712759,43.80314402237242,58.62153999645343
2025-11-13 17:07:32.271857,49.665519129897945,47.4853668421648,67.26296083302742
2025-11-13 17:07:35.271857,47.78848348327329,58.74999817187297,59.93389878721612
2025-11-13 17:07:38.271857,50.08139502335241,45.490958664514636,46.13801970948447
2025-11-13 17:07:41.271857,41.945436026463696,51.29724651829742,54.831286024770456
2025-11-13 17:07:44.271857,46.417992765303865,34.97497402102347,49.10951451854966
2025-11-13 17:07:47.271857,43.88189127928337,47.52732406325486,65.51691947714815
2025-11-13 17:07:50.271857,41.424426600031545,59.71224451191722,59.296543893614604
2025-11-13 17:07:53.271857,53.25745972727502,53.92897109927279,56.244907333291884
2025-11-13 17:07:56.271857,48.012423803121514,48.943337600287315,61.21119743593489
2025-11-13 17:07:59.271857,48.148543247837154,41.673933941533164,54.94555048744444
2025-11-13 17:08:02.271857,47.38393843320313,43.897106881626186,68.1383768679799
2025-11-13 17:08:05.271857,45.87033710473096,52.67834773331758,59.693834083376366
2025-11-13 17:08:08.271857,45.43177237393645,57.85873315399193,58.08899223456906
2025-11-13 17:08:11.271857,43.47971738214077,48.01133249983198,59.945668306296106
2025-11-13 17:08:14.271857,35.76074887378093,40.93668857900472,81.18829277721956
2025-11-13 17:08:17.271857,42.7543600512256,50.13341931134548,62.22023783512498
2025-11-13 17:08:20.271857,40.93182249056562,57.630413049771256,57.47646475841966
2025-11-13 17:08:23.271857,41.540989763788545,50.22964455781114,60.02352650376894
2025-11-13 17:08:26.271857,40.73895313987395,69.14746828631824,62.1860658700726
2025-11-13 17:08:29.271857,42.36116438511067,49.80042058079504,50.47938807501343
2025-11-13 17:08:32.271857,44.71590866191871,45.59315520824132,52.427930192476026
2025-11-13 17:08:35.271857,49.47298873686197,40.42948139425084,51.53055920960612
2025-11-13 17:08:38.271857,49.00960140878076,49.46469399324955,59.244821571420815
2025-11-13 17:08:41.271857,48.69745298219441,51.78187697778817,66.65210325392165
2025-11-13 17:08:44.271857,46.77956614910069,40.70455550254218,59.72747351043085
2025-11-13 17:08:47.271857,46.56019071877499,51.03377041670785,72.5594176426628
2025-11-13 17:08:50.271857,35.97991747535901,52.23232797408737,64.30166575883817
2025-11-13 17:08:53.271857,36.6327415350113,53.03463033621265,60.30463693604125
2025-11-13 17:08:56.271857,49.74541864240387,51.37840283222805,61.68130388335001
2025-11-13 17:08:59.271857,42.48537592885482,29.542485047619827,56.15225278012542
2025-11-13 17:09:02.271857,35.70739838055199,46.191589943317865,58.845464586689815
2025-11-13 17:09:05.271857,45.356588700021796,56.66847127974336,60.275528852142116
2025-11-13 17:09:08.271857,44.15200956543169,51.281030746648206,67.01574144346377
2025-11-13 17:09:11.271857,44.59080287712336,56.29697545112572,65.04425452733206
2025-11-13 17:09:14.271857,43.29673627209525,48.05494628632751,56.502274477708525
2025-11-13 17:09:17.271857,42.61241607737624,65.37625823910754,51.5230345060935
2025-11-13 17:09:20.271857,51.95120005704979,46.83427559347706,64.9415299894817
2025-11-13 17:09:23.271857,37.09608242667076,64.6993289205339,64.40342931975309
2025-11-13 17:09:26.271857,43.61968260612786,34.48846308962459,49.94808242733483
2025-11-13 17:09:29.271857,43.47210510627996,53.767436199254654,60.2364893699302
2025-11-13 17:09:32.271857,45.34104365906206,48.8772959592287,54.448465552539155
2025-11-13 17:09:35.271857,35.806281011024325,49.55675855118412,54.81728364518283
2025-11-13 17:09:38.271857,51.76074695819502,43.24550900840763,53.02617360429795
2025-11-13 17:09:41.271857,54.27616413741713,43.80111991355615,56.665411851970916
2025-11-13 17:09:44.271857,40.46651396901303,62.03171047028092,50.59962869474682
2025-11-13 17:09:47.271857,39.30331063211472,53.64750459963642,65.63693998625347
2025-11-13 17:09:50.271857,42.70449245739555,50.26351157066777,64.61331281165903
2025-11-13 17:09:53.271857,44.87528037061441,56.12396154052394,63.174189868393476
2025-11-13 17:09:56.271857,39.67151870541872,43.75457788159501,59.425235570251154
2025-11-13 17:09:59.271857,39.18228973924776,48.59648074144993,60.85411089970612
2025-11-13 17:10:02.271857,50.34471515108931,35.27781567815904,56.82808162924141
2025-11-13 17:10:05.271857,44.84425999214872,54.28711213924799,66.0430060096325
2025-11-13 17:10:08.271857,52.87568763514996,43.20327227517491,68.67046584498786
2025-11-13 17:10:11.271857,47.872945707257806,47.1373545347102,61.318723110329316
2025-11-13 17:10:14.271857,44.06521805182782,60.89354156340205,57.74478979279207
2025-11-13 17:10:17.271857,47.6669680507275,53.16402635858841,49.43658637781059
2025-11-13 17:10:20.271857,43.90870758741836,53.16223753017982,62.195825515340985
2025-11-13 17:10:23.271857,44.66657606290778,58.836038638404005,64.26370556075847
2025-11-13 17:10:26.271857,44.05894548616293,58.030659527112306,59.845391093710205
2025-11-13 17:10:29.271857,44.289241275514854,44.5876666770894,58.88662539671546
2025-11-13 17:10:32.271857,48.22503371257272,49.99893650762316,50.14702800849345
2025-11-13 17:10:35.271857,37.02521412467441,41.22070328542824,62.76805142714546
2025-11-13 17:10:38.271857,52.64702866214189,40.76612137379556,56.75638680433708
2025-11-13 17:10:41.271857,45.363014290448824,48.17290058192607,66.87884962155316
2025-11-13 17:10:44.271857,48.96838465040251,61.833772703532965,55.220713623517824
2025-11-13 17:10:47.271857,38.62833294683144,41.16818279327057,48.86212064454229
2025-11-13 17:10:50.271857,51.34159526470416,44.93309190170653,58.11223720979466
2025-11-13 17:10:53.271857,43.64372899225714,51.801665900824354,54.310850077097825
2025-11-13 17:10:56.271857,42.44309417685612,64.17098379828671,65.38710060587803
2025-11-13 17:10:59.271857,48.29829720933412,40.247692412274525,54.77723448386218
2025-11-13 17:11:02.271857,40.32677324591506,48.94113653693471,55.207479867096346
2025-11-13 17:11:05.271857,51.08510289997828,59.2923976066784,62.74511593813762
2025-11-13 17:11:08.271857,43.759706480775165,57.595192553322555,58.783134561826465
2025-11-13 17:11:11.271857,43.03701233499774,56.748445140484925,61.24025151683015
2025-11-13 17:11:14.271857,40.30153983750841,47.8335582107757,69.43072070938699
2025-11-13 17:11:17.271857,45.44735904520642,46.867036066091295,67.9599985548752
2025-11-13 17:11:20.271857,45.46373171280617,52.792558239246056,56.43261239244178
2025-11-13 17:11:23.271857,46.06471207372075,46.29488978586765,71.27939857643484
2025-11-13 17:11:26.271857,46.93007571553306,32.48331858774171,52.090665955545475
2025-11-13 17:11:29.271857,46.37943435969738,54.3929550526806,58.877645078692005
2025-11-13 17:11:32.271857,36.93569801624882,43.82778424714605,65.82423268382368
2025-11-13 17:11:35.271857,33.97667090354129,57.05445615939728,63.81536623438473
2025-11-13 17:11:38.271857,54.73628764021695,54.27901650664994,66.93059819431743
2025-11-13 17:11:41.271857,53.92387730082136,57.04106642429427,54.620806812746046
2025-11-13 17:11:44.271857,49.21067909131729,71.56200661539661,60.983927040532286
2025-11-13 17:11:47.271857,41.14956544264799,48.14959333683895,54.308126951297695
2025-11-13 17:11:50.271857,43.45085007694477,35.33765174389623,67.73051540441763
2025-11-13 17:11:53.271857,42.49177707014697,53.71607367685783,56.40980981048016
2025-11-13 17:11:56.271857,45.86831643285093,52.44543983483454,59.72244714203947
2025-11-13 17:11:59.271857,40.19164194437826,41.436836668798655,55.093830717504524
2025-11-13 17:12:02.271857,47.09828004823462,53.08031818187255,52.60238376028274
2025-11-13 17:12:05.271857,47.010496285683274,47.26335089109109,65.50959743630132
2025-11-13 17:12:08.271857,43.28169484268422,44.42988928403271,56.347041048597504
2025-11-13 17:12:11.271857,42.262233170664246,45.8972983524942,63.35745007516638
2025-11-13 17:12:14.271857,42.74089363055736,53.31684418546241,51.94168077512735
2025-11-13 17:12:17.271857,40.25287376078914,53.05461750628323,59.50458753058473
2025-11-13 17:12:20.271857,57.24570108096971,47.703263134940144,64.05232681581708
2025-11-13 17:12:23.271857,42.218960203655904,53.23648136450229,59.51828576958801
2025-11-13 17:12:26.271857,43.229881521206636,50.0565545523144,63.58792565399709
2025-11-13 17:12:29.271857,34.79528451029772,57.270462008276056,67.02771299904374
2025-11-13 17:12:32.271857,52.46268973877376,48.38696866014824,69.43266322242464
2025-11-13 17:12:35.271857,40.207785246670966,62.39223500555232,53.00868247744768
2025-11-13 17:12:38.271857,45.90436128066174,58.926541385094005,55.20471706524279
2025-11-13 17:12:41.271857,42.102420804030075,54.13218483675526,59.72773057145717
2025-11-13 17:12:44.271857,48.584984150117286,56.42754695744307,61.52974739749389
2025-11-13 17:12:47.271857,46.667790783627865,53.887362915879415,66.48007135286161
2025-11-13 17:12:50.271857,42.96675353503487,45.79543424223711,55.66631142458626
2025-11-13 17:12:53.271857,38.875012064035765,45.476363947432006,61.341541123450845
2025-11-13 17:12:56.271857,45.511892711002666,43.0156134399389,54.55343612016941
2025-11-13 17:12:59.271857,44.144313919769665,52.307016523522265,46.42090337848402
2025-11-13 17:13:02.271857,39.23487489976009,45.8736241230303,57.553493180462205
2025-11-13 17:13:05.271857,44.826611170053724,48.54157175794424,65.40250309199074
2025-11-13 17:13:08.271857,60.072918025894595,59.3579478768675,53.42781751339545
2025-11-13 17:13:11.271857,43.575079904729776,56.05764043547548,70.34281073913672
2025-11-13 17:13:14.271857,42.816411829916774,48.31661277625416,67.07848111533788
2025-11-13 17:13:17.271857,38.512544649946854,56.138668130408,53.83884738844609
2025-11-13 17:13:20.271857,48.03447357160894,55.76538174964567,61.70872009410234
2025-11-13 17:13:23.271857,56.585309740424634,30.69357259687241,53.819094255534736
2025-11-13 17:13:26.271857,52.86619559416908,48.99150943842248,63.26411087632069
2025-11-13 17:13:29.271857,51.899532177502714,36.28710784139647,57.467971465458106
2025-11-13 17:13:32.271857,41.09704583880139,51.624812681059915,56.53932164271661
2025-11-13 17:13:35.271857,41.46032577973195,44.981969534380156,55.758127285561706
2025-11-13 17:13:38.271857,42.41093931891878,53.36541453473983,52.47718021681992
2025-11-13 17:13:41.271857,42.81185394259445,50.70533926339812,47.646464201950096
2025-11-13 17:13:44.271857,49.18138734022195,55.770014595544936,60.0597883864277
2025-11-13 17:13:47.271857,42.299474276136195,46.17566499613098,65.666260651002
2025-11-13 17:13:50.271857,51.102399503552526,45.33071665038171,55.2060818501848
2025-11-13 17:13:53.271857,51.01576269492382,67.71057790961461,68.44447759446638
2025-11-13 17:13:56.271857,46.79571202796291,53.81359356192234,69.20354459377211
2025-11-13 17:13:59.271857,46.636172104175756,54.424690118080136,69.79976695521329
2025-11-13 17:14:02.271857,48.57453858820532,58.7046511009331,63.185638980772524
2025-11-13 17:14:05.271857,49.36940139356422,66.19594189492571,54.57062077481471
2025-11-13 17:14:08.271857,52.95327602168016,55.18996500724736,59.11246050413987
2025-11-13 17:14:11.271857,47.91193112488764,54.3806058505752,54.57832504727786
2025-11-13 17:14:14.271857,43.48149525252716,51.10068371903576,49.765826112572
2025-11-13 17:14:17.271857,42.417782019918235,56.256560939804956,66.28280502731647
2025-11-13 17:14:20.271857,43.2127635749863,44.62452854120495,68.14624531252967
2025-11-13 17:14:23.271857,49.0854153858495,44.61913298097316,58.05136375590912
2025-11-13 17:14:26.271857,41.60127137427128,45.69228472459789,60.371940375203124
2025-11-13 17:14:29.271857,41.75620422334832,43.59480328401679,52.72804044656829
2025-11-13 17:14:32.271857,52.66423508100284,58.03800610296427,60.39714509262494
2025-11-13 17:14:35.271857,40.35655154331378,42.18002011577291,57.24025985237724
2025-11-13 17:14:38.271857,40.84913071355055,50.249746088662214,57.369795748371615
2025-11-13 17:14:41.271857,50.964535223217815,47.69305101066433,70.16884861755264
2025-11-13 17:14:44.271857,46.749552549616155,51.4823701044055,62.40255027003845
2025-11-13 17:14:47.271857,43.58419075977486,43.57383576630107,66.01668713967162
2025-11-13 17:14:50.271857,48.82700713742146,49.33924769442229,60.1137543965162
2025-11-13 17:14:53.271857,49.452485441016954,50.30694340640581,50.85857452737829
2025-11-13 17:14:56.271857,40.96076858947382,56.31143221644539,69.75657768232006
2025-11-13 17:14:59.271857,42.736649522601866,55.47710765271732,59.05868430469698
2025-11-13 17:15:02.271857,43.9522604649963,51.3421765180116,59.133568012867514
2025-11-13 17:15:05.271857,43.59099433412012,46.169315836661774,57.7771435070761
2025-11-13 17:15:08.271857,38.26368829486422,63.29915387250213,61.74851460550986
2025-11-13 17:15:11.271857,44.87053258810684,45.205793383300964,73.31736126273633
2025-11-13 17:15:14.271857,41.535370469271726,56.832364730694806,61.08601175545943
2025-11-13 17:15:17.271857,44.97515672425098,39.46359950803636,62.75832311692438
2025-11-13 17:15:20.271857,54.08373933029093,55.44841842689601,51.81323800176575
2025-11-13 17:15:23.271857,47.4930553895592,43.052526350394885,58.55268934318508
2025-11-13 17:15:26.271857,48.39185812603328,53.95364962258674,57.55366675502896
2025-11-13 17:15:29.271857,46.20381677217848,62.90057235094337,63.08480747481916
2025-11-13 17:15:32.271857,45.261854949961915,53.65335068077734,65.42403926749955
2025-11-13 17:15:35.271857,46.1897368650619,45.16212651504973,61.78144327951627
2025-11-13 17:15:38.271857,36.76851241351723,56.994409546966125,64.45482981855814
2025-11-13 17:15:41.271857,43.39692743215289,46.6894048879904,63.143089266699725
2025-11-13 17:15:44.271857,47.62728290679551,52.15053093548829,67.2193715930258
2025-11-13 17:15:47.271857,47.683384641233474,42.18914880413196,57.5509176793181
2025-11-13 17:15:50.271857,55.49527274756399,51.484241648746035,53.981915737366755
2025-11-13 17:15:53.271857,49.933894941363405,51.2319998109793,60.263000422929395
2025-11-13 17:15:56.271857,45.6499055756478,53.03397455543511,55.664483255689326
2025-11-13 17:15:59.271857,40.31874535553066,48.326653819712746,62.371989050056456
2025-11-13 17:16:02.271857,48.742198237233495,43.10009408187362,63.140760336911384
2025-11-13 17:16:05.271857,51.02164333522303,38.56925020681237,63.125603258622114
2025-11-13 17:16:08.271857,42.0738377514477,45.376109979720404,62.05687761984205
2025-11-13 17:16:11.271857,39.859926581609905,45.13231561196693,52.65801167852102
2025-11-13 17:16:14.271857,50.37929154044305,61.70872888392265,60.947303620027
2025-11-13 17:16:17.271857,45.01038365440395,54.47951135566178,50.761969665549906
2025-11-13 17:16:20.271857,52.74852197293194,44.156261580848515,48.756641377849085
2025-11-13 17:16:23.271857,43.05513465305129,59.36132445956352,67.69951507927297
2025-11-13 17:16:26.271857,35.368182047888496,56.83690903765246,67.61450784212673
2025-11-13 17:16:29.271857,46.52588730169659,41.31984197629655,58.75949915729858
2025-11-13 17:16:32.271857,44.082335074799566,51.989436048919885,42.56072788537908
2025-11-13 17:16:35.271857,54.98723839899449,51.23360498987118,62.297789249545524
2025-11-13 17:16:38.271857,43.698792757941916,51.217572486346306,58.875293263552926
2025-11-13 17:16:41.271857,43.75378598208053,56.52010092557573,68.57771114309554
2025-11-13 17:16:44.271857,44.48710270660011,54.09151140127417,47.42689171720085
2025-11-13 17:16:47.271857,47.71945663270251,48.82385134956756,59.16988612314219
2025-11-13 17:16:50.271857,44.07375681525532,48.94140843814985,63.22192539353843
2025-11-13 17:16:53.271857,48.23823491852442,50.4323980668274,53.889055523879264
2025-11-13 17:16:56.271857,35.84916336087552,45.63595257732092,58.729925353763214
2025-11-13 17:16:59.271857,47.18159692278499,47.769284491483326,53.64906025873553
2025-11-13 17:17:02.271857,46.98910489042738,42.70580666159755,70.86169152480042
2025-11-13 17:17:05.271857,46.13570362785523,54.75721369109197,57.71535684595123
2025-11-13 17:17:08.271857,44.57918889843612,51.02839259183375,55.31921752936578
2025-11-13 17:17:11.271857,39.5191506569481,49.65466596894968,59.72545564941611
2025-11-13 17:17:14.271857,51.816261381043674,50.763345659915956,46.687075589236656
2025-11-13 17:17:17.271857,43.97159550206078,46.09404818172275,64.93305597384371
2025-11-13 17:17:20.271857,41.50126234920854,51.14804460206365,69.70863365385839
2025-11-13 17:17:23.271857,55.90027381586175,55.79394222151395,56.37614855320377
2025-11-13 17:17:26.271857,47.82970496347293,43.292765570643255,63.898902471018125
2025-11-13 17:17:29.271857,54.95175336641611,49.87149495375282,68.03960050335722
2025-11-13 17:17:32.271857,43.06377520453961,54.59471180866333,70.7650553364237
2025-11-13 17:17:35.271857,49.961772750711994,46.827201215119715,71.64844589872132
2025-11-13 17:17:38.271857,54.26954383066122,65.76168765424332,69.17480718224918
2025-11-13 17:17:41.271857,41.750461717880086,57.618561717088106,56.340767983215834
2025-11-13 17:17:44.271857,52.38145530014597,53.63578976713098,52.6923009409023
2025-11-13 17:17:47.271857,50.380290737084145,55.213091861739514,68.53207039116401
2025-11-13 17:17:50.271857,47.20587797824575,53.577931258051535,62.525965835426845
2025-11-13 17:17:53.271857,40.52584124812583,51.49540843654429,52.55960408143661
2025-11-13 17:17:56.271857,43.29119739001902,53.3860966180484,56.11073268721269
2025-11-13 17:17:59.271857,46.98397358429177,46.66875687968432,52.42023089150998
2025-11-13 17:18:02.271857,44.12272795702835,55.72581901575473,66.36242040708692
2025-11-13 17:18:05.271857,45.553829215567745,48.318731115928856,64.95090063945696
2025-11-13 17:18:08.271857,38.84982953313064,39.64086801764344,59.28258641436621
2025-11-13 17:18:11.271857,42.34030518216867,43.77286323307332,54.48485724177582
2025-11-13 17:18:14.271857,47.39801956685807,52.4827452755584,56.42099755553413
2025-11-13 17:18:17.271857,42.78745031763078,54.54486974527549,52.70927835992911
2025-11-13 17:18:20.271857,39.93504650752686,44.76698529978876,58.4863503275475
2025-11-13 17:18:23.271857,37.951086119348396,44.238139359714935,60.21454572498823
2025-11-13 17:18:26.271857,40.17191990551293,47.931849646417845,61.560984007830285
2025-11-13 17:18:29.271857,43.480041114256,53.20923433982243,64.7167637394301
2025-11-13 17:18:32.271857,48.6229388116436,54.262224125358216,73.44132221969508
2025-11-13 17:18:35.271857,38.99088794201463,39.70697433615875,64.82449959676205
2025-11-13 17:18:38.271857,42.51725997171383,56.007235971233484,57.84351127950014
2025-11-13 17:18:41.271857,43.44740883101066,43.692204556861824,65.55629726883242
2025-11-13 17:18:44.271857,43.87979171101483,58.94139363769244,57.04580807707463
2025-11-13 17:18:47.271857,42.40390753091945,48.52566791602136,74.5124487040473
2025-11-13 17:18:50.271857,46.02033610977249,54.519267116825034,53.12992976547413
2025-11-13 17:18:53.271857,44.9173057351622,59.42482040699774,62.6254531929478
2025-11-13 17:18:56.271857,45.61818863575669,53.308835203569544,54.91048723542186
2025-11-13 17:18:59.271857,40.2618287467182,45.487274079771,50.984452380743264
2025-11-13 17:19:02.271857,41.15576062556844,63.389224953619454,70.86187317868126
2025-11-13 17:19:05.271857,42.68859689038771,42.303633264044926,76.19311579902838
2025-11-13 17:19:08.271857,56.01214309209023,50.494772710945355,60.83050335532928
2025-11-13 17:19:11.271857,54.78417982619803,53.79619346660698,58.82920862609968
2025-11-13 17:19:14.271857,46.050503924325355,45.841643976316035,53.92824052333904
2025-11-13 17:19:17.271857,47.957188491198394,55.23528163410721,52.51446499385558
2025-11-13 17:19:20.271857,46.822639192375426,54.672508325312705,65.62556425939344
2025-11-13 17:19:23.271857,44.5498804864901,51.45033920461443,62.90133131013761
2025-11-13 17:19:26.271857,46.77223130550244,47.827508565381024,55.76930155626663
2025-11-13 17:19:29.271857,47.09323783803998,58.220808290750725,59.66774386093542
2025-11-13 17:19:32.271857,46.64544443978171,37.39129158428105,58.95739467395888
2025-11-13 17:19:35.271857,42.24014040335397,52.15910821556391,68.49203988450763
2025-11-13 17:19:38.271857,33.136312341122945,45.079488552514015,68.60119217819704
2025-11-13 17:19:41.271857,52.84655422881764,54.33311883016718,72.54121497656891
2025-11-13 17:19:44.271857,56.401045048952334,51.51561078568328,62.57289464029248
2025-11-13 17:19:47.271857,43.859699496837116,45.18556797206445,65.66067668459466
2025-11-13 17:19:50.271857,46.055437557422216,49.93720155182757,60.34889568023267
2025-11-13 17:19:53.271857,49.15178528859153,62.01949537386046,59.95612596689993
2025-11-13 17:19:56.271857,40.41305544458252,48.533770412582996,59.296738508644744
2025-11-13 17:19:59.271857,40.05343028216469,63.60439898615451,48.0027778066942
2025-11-13 17:20:02.271857,43.336673417313314,41.22001951985209,65.1323109435892
2025-11-13 17:20:05.271857,42.40036226221674,48.231374563578896,58.7509191428265
2025-11-13 17:20:08.271857,35.98559269016532,55.603066425472065,49.90022214621296
2025-11-13 17:20:11.271857,41.5119939329458,50.54066898260164,53.41830283948359
2025-11-13 17:20:14.271857,41.90739355574312,51.15391565018594,71.45807735439953
2025-11-13 17:20:17.271857,50.58943211564187,57.353077620032984,56.91359891193474
2025-11-13 17:20:20.271857,48.58442916176872,48.8910444126243,61.59666464752519
2025-11-13 17:20:23.271857,46.17140539924611,35.80455239833065,46.65764225036693
2025-11-13 17:20:26.271857,43.24374148776165,52.76448569745372,72.258547611447
2025-11-13 17:20:29.271857,46.81381376874168,36.850376221055214,63.20624852034291
2025-11-13 17:20:32.271857,43.619742766038655,60.02902545626867,67.79052198808044
2025-11-13 17:20:35.271857,50.113435555580836,58.58984954701411,61.77848308120985
2025-11-13 17:20:38.271857,40.959528597726944,56.40728375847446,55.78622038434878
2025-11-13 17:20:41.271857,42.33722933756649,55.978698281869335,59.33404612930208
2025-11-13 17:20:44.271857,40.1794236999474,52.451412556933185,56.54872964547979
2025-11-13 17:20:47.271857,35.104270783242406,43.28844199249223,56.35496225255696
2025-11-13 17:20:50.271857,45.63469310430909,48.09948026441441,60.746298331355824
2025-11-13 17:20:53.271857,48.27463307872939,65.92552929690237,60.23272360136531
2025-11-13 17:20:56.271857,48.33494533066043,44.149556456265486,58.783292632345294
2025-11-13 17:20:59.271857,45.870665615379735,56.8908419278065,58.71766562798563
2025-11-13 17:21:02.271857,45.85605812174961,44.355164529504485,65.80662621831118
2025-11-13 17:21:05.271857,48.00146449550937,49.70431584781363,58.60114803232048
2025-11-13 17:21:08.271857,47.749002646276054,52.14537462854257,69.92181914301185
2025-11-13 17:21:11.271857,42.32650274754197,41.73112169389782,69.52901340605264
2025-11-13 17:21:14.271857,53.84520805430665,56.433750005211955,56.652259252110646
2025-11-13 17:21:17.271857,49.96043564618233,46.51671637105116,45.40797029614722
2025-11-13 17:21:20.271857,31.923668605673477,50.644467090492086,55.8511899601109
2025-11-13 17:21:23.271857,38.418170416856356,38.664617452610855,58.43567444167083
2025-11-13 17:21:26.271857,40.3778620685312,53.0436918547999,65.34607877359635
2025-11-13 17:21:29.271857,44.800725167760554,64.9996607243414,58.97668916605252
2025-11-13 17:21:32.271857,47.50162406493767,54.77406337124841,59.36838127857223
2025-11-13 17:21:35.271857,51.16526777490669,42.61224927712686,53.19041837593732
2025-11-13 17:21:38.271857,46.38398871033256,54.17728338307404,56.35566631846633
2025-11-13 17:21:41.271857,49.4872489907997,42.588234026719206,54.972502440245115
2025-11-13 17:21:44.271857,39.863318086670134,44.14185012102933,55.86668937050415
2025-11-13 17:21:47.271857,46.382806322569714,40.06104758181594,70.40081937239836
2025-11-13 17:21:50.271857,51.838361718704135,45.529601905524515,59.55444449716588
2025-11-13 17:21:53.271857,46.42572423695028,49.741567569468984,61.747538638756794
2025-11-13 17:21:56.271857,41.497839596027326,39.59936137097786,58.21282931234467
2025-11-13 17:21:59.271857,48.42241035903336,68.92416281156974,56.22170409034659
2025-11-13 17:22:02.271857,41.37762462897735,49.6403076645082,66.91885175756482
2025-11-13 17:22:05.271857,44.14412832813414,51.387088553489846,65.98654875052294
2025-11-13 17:22:08.271857,38.004380856991276,55.42361262176631,65.55317509809144
2025-11-13 17:22:11.271857,38.90148096007623,50.664361080280436,53.68713050850574
2025-11-13 17:22:14.271857,46.66178406687052,57.88088750617332,50.88213328926526
2025-11-13 17:22:17.271857,53.47640801743232,60.23904816383119,58.273324947500704
2025-11-13 17:22:20.271857,44.308195048753184,61.7952654706225,62.4223864090611
2025-11-13 17:22:23.271857,41.775924977867675,47.355180625908886,52.0756851116482
2025-11-13 17:22:26.271857,42.280810610130715,46.62027145890082,57.060460065694464
2025-11-13 17:22:29.271857,48.44551532939358,51.08513990252438,55.23572440884413
2025-11-13 17:22:32.271857,42.576278376085924,50.71347730574202,62.533010934205976
2025-11-13 17:22:35.271857,42.13518011745292,54.654055059385655,56.922681512424106
2025-11-13 17:22:38.271857,53.97917534321343,53.487052163639945,49.58110248512084
2025-11-13 17:22:41.271857,35.91323556312618,47.88183044836345,52.90423674942877
2025-11-13 17:22:44.271857,47.84179196969872,45.800141129576836,66.35633940956599
2025-11-13 17:22:47.271857,40.28426809708861,45.24634655393746,53.867111645846975
2025-11-13 17:22:50.271857,40.8477350133727,39.149701718846025,57.33590012855
2025-11-13 17:22:53.271857,41.645210667746,61.57462967516079,54.167120911812894
2025-11-13 17:22:56.271857,41.00806680743996,42.45483176739124,66.14693936815574
2025-11-13 17:22:59.271857,48.15390103509317,46.57020560565174,56.77938833741499
2025-11-13 17:23:02.271857,43.793408389410715,51.8323284253883,67.47620884170765
2025-11-13 17:23:05.271857,48.663786811909326,50.76501409904051,54.47272263434665
2025-11-13 17:23:08.271857,45.52235387807445,45.74724872414861,69.35798380891018
2025-11-13 17:23:11.271857,42.92118176232635,46.376151527176546,60.774043421618124
2025-11-13 17:23:14.271857,42.023555066095454,43.54973987833789,63.28227365708075
2025-11-13 17:23:17.271857,44.48609007635271,51.008058562191216,58.29216512343469
2025-11-13 17:23:20.271857,45.596412092966865,65.9442533672491,68.4072744031233
2025-11-13 17:23:23.271857,42.55023231989976,56.38427925402513,70.57496669811206
2025-11-13 17:23:26.271857,47.74363939292252,52.09505031097772,63.754631866182464
2025-11-13 17:23:29.271857,45.39617702512632,46.70319989545561,66.53970264014522
2025-11-13 17:23:32.271857,50.813117892178454,47.329562658138975,61.74941107651592
2025-11-13 17:23:35.271857,50.28105621245974,52.530345567738905,59.67697332599222
2025-11-13 17:23:38.271857,41.89036532426723,63.24151109878922,63.93391629782158
2025-11-13 17:23:41.271857,47.15621850089518,53.363550695865726,63.963749129719645
2025-11-13 17:23:44.271857,41.3620789912318,50.22075012899771,53.69160873994899
2025-11-13 17:23:47.271857,39.2676720633507,47.849739989373646,60.83080886744632
2025-11-13 17:23:50.271857,37.445786058011954,57.825116384501015,56.025532012859124
2025-11-13 17:23:53.271857,45.33332286296967,50.724789411018726,62.96592408367465
2025-11-13 17:23:56.271857,41.855307225170186,37.33831932114173,54.151406496066194
2025-11-13 17:23:59.271857,50.430715088378776,52.73071736626845,62.188607465201784
2025-11-13 17:24:02.271857,45.70388568964472,50.63175555107126,57.98531058593961
2025-11-13 17:24:05.271857,40.57539757423205,34.53502120829665,56.76484046292031
2025-11-13 17:24:08.271857,33.99526011391656,40.08079001009992,53.751895166914714
2025-11-13 17:24:11.271857,40.08586207511156,41.20149934124768,67.70905783781366
2025-11-13 17:24:14.271857,45.31055746279582,58.39558560095213,63.11205064762913
2025-11-13 17:24:17.271857,48.78451521257522,58.051885273706915,51.180078088584125
2025-11-13 17:24:20.271857,43.04038251930722,52.90044857581604,54.141375829250066
2025-11-13 17:24:23.271857,44.76013593185551,57.73288605305101,60.8180669549629
2025-11-13 17:24:26.271857,46.80819854435147,32.41807603501135,64.59746794806094
2025-11-13 17:24:29.271857,43.493416092235584,52.69003833153674,55.84354715082714
2025-11-13 17:24:32.271857,44.34138483192483,55.578373686278766,60.37752952501931
2025-11-13 17:24:35.271857,45.99373619896618,50.995789544313716,64.08149014394537
2025-11-13 17:24:38.271857,53.633482073698644,52.90025934534783,57.139934997277834
2025-11-13 17:24:41.271857,47.952150375770806,56.54887095436945,55.77455282231572
2025-11-13 17:24:44.271857,44.13133107294095,48.1365058235376,52.28862577121941
2025-11-13 17:24:47.271857,41.54395779554241,55.31210377503271,58.955908993643135
2025-11-13 17:24:50.271857,40.3256904057139,39.652962419067826,53.78715528017366
2025-11-13 17:24:53.271857,50.71811345003814,57.76996736541897,62.664555668071415
2025-11-13 17:24:56.271857,40.04225730664575,56.967408364754206,44.60396938544252
2025-11-13 17:24:59.271857,39.866180337057926,60.5134909214703,64.7692744230973
2025-11-13 17:25:02.271857,43.575264450414906,57.865798678919624,66.062600828168
2025-11-13 17:25:05.271857,44.15210555914095,53.50952241741908,61.71532738566234
2025-11-13 17:25:08.271857,41.58564042364482,51.55979582313039,61.08553568708974
2025-11-13 17:25:11.271857,45.78798542541391,46.940165001069225,58.04537095974602
2025-11-13 17:25:14.271857,42.372522758168905,45.28369335631085,69.22107969823851
2025-11-13 17:25:17.271857,54.389119165677116,44.47303323748963,62.63281837009805
2025-11-13 17:25:20.271857,47.45115638189484,42.09482574255428,53.53983867730975
2025-11-13 17:25:23.271857,48.56526786502888,48.93815458372762,69.83912358842286
2025-11-13 17:25:26.271857,46.946954902860476,44.13931704088685,61.10551041353771
2025-11-13 17:25:29.271857,37.7152879008506,62.789833581299426,53.48929086237693
2025-11-13 17:25:32.271857,51.41231524632912,49.13831050725791,62.700967141269885
2025-11-13 17:25:35.271857,40.89540424226971,59.146943189427326,57.8856404595811
2025-11-13 17:25:38.271857,42.96189345595937,48.39434594933239,58.32850339014163
2025-11-13 17:25:41.271857,45.21016465483315,54.23653814732784,64.47464333644899
2025-11-13 17:25:44.271857,40.559651251295065,47.551122996796884,66.58092920800338
2025-11-13 17:25:47.271857,41.91887704542482,50.38913706839601,62.84724167374321
2025-11-13 17:25:50.271857,47.42999087917917,43.93034125027042,72.26472338247528
2025-11-13 17:25:53.271857,52.30561972233646,42.18054108005978,63.08408608455942
2025-11-13 17:25:56.271857,40.97834132058795,63.109212752204826,67.6382238065209
2025-11-13 17:25:59.271857,44.040098598128324,33.95454834487714,72.83481474605361
2025-11-13 17:26:02.271857,34.48380779179893,52.838870913712206,56.499361204162895
2025-11-13 17:26:05.271857,43.02914247853451,42.37766499600532,71.83467273665059
2025-11-13 17:26:08.271857,50.074769825786966,43.48379461828083,51.58008828865234
2025-11-13 17:26:11.271857,52.25626846532485,49.602875883843026,65.84616298267255
2025-11-13 17:26:14.271857,42.60654521364804,54.08489296000895,72.56581241227605
2025-11-13 17:26:17.271857,43.111635158781084,56.62994473561134,62.0307168106751
2025-11-13 17:26:20.271857,44.28951735571771,57.49722684400986,74.24815864414514
2025-11-13 17:26:23.271857,51.0988326950114,61.15373084060358,70.8050890557727
2025-11-13 17:26:26.271857,52.41004294466172,48.44760727663492,53.15232951033751
2025-11-13 17:26:29.271857,43.38613583796211,53.384493313235026,60.47504567246782
2025-11-13 17:26:32.271857,41.55705239155843,59.828900440535975,73.29764920093987
2025-11-13 17:26:35.271857,48.90568257119838,40.96857568221427,61.06580020493837
2025-11-13 17:26:38.271857,56.181626694860356,49.4837902151848,63.24423160562335
2025-11-13 17:26:41.271857,42.68328795307705,50.8132191577115,69.12584272729262
2025-11-13 17:26:44.271857,50.02484929011357,43.453480944672954,58.006191498482785
2025-11-13 17:26:47.271857,42.76657426187952,57.431384335045514,68.92128100320426
2025-11-13 17:26:50.271857,42.402550586745306,45.795520200056856,60.73327142275113
2025-11-13 17:26:53.271857,41.60093853444728,57.92501696313693,57.653566787240266
2025-11-13 17:26:56.271857,47.36052943213132,39.9037402945345,59.80017882266595
2025-11-13 17:26:59.271857,46.340653223132406,45.07165169915383,63.87084635747256
2025-11-13 17:27:02.271857,38.96665424484214,40.25140356928131,50.21944115106044
2025-11-13 17:27:05.271857,44.12463763844123,49.29114838693283,53.96814009622395
2025-11-13 17:27:08.271857,53.9805945006529,46.64354229225425,78.62560687688159
2025-11-13 17:27:11.271857,37.888568240727516,57.85466522822598,65.58898578526127
2025-11-13 17:27:14.271857,45.58534365428271,51.3110552427976,64.32888176450223
2025-11-13 17:27:17.271857,53.073969603757945,53.750513514126105,59.01342225026174
2025-11-13 17:27:20.271857,47.31991177379885,50.60700227067215,62.672439792871316
2025-11-13 17:27:23.271857,40.79911184041298,49.61676020621192,54.109750040414866
2025-11-13 17:27:26.271857,44.754359582575255,48.681990163269475,60.11493493406027
2025-11-13 17:27:29.271857,39.88360287096248,51.68842458140281,60.6051639907659
2025-11-13 17:27:32.271857,42.14086512168641,49.8209621371432,63.557361270593645
2025-11-13 17:27:35.271857,54.14901188064566,46.34590048367518,63.08857582597031
2025-11-13 17:27:38.271857,44.08969922609383,47.15247318091588,55.56350778647135
2025-11-13 17:27:41.271857,47.11289004950222,50.458242058285784,62.11900475242778
2025-11-13 17:27:44.271857,53.944640572905854,57.625717529309746,65.93222878739833
2025-11-13 17:27:47.271857,36.70899777030084,53.546581813701856,62.158839245535155
2025-11-13 17:27:50.271857,41.2474347532427,50.436670451027936,60.35495848283349
2025-11-13 17:27:53.271857,43.18413656265375,41.77336189186591,57.99442143029963
2025-11-13 17:27:56.271857,41.85045813026137,46.335420102573956,59.04783677780788
2025-11-13 17:27:59.271857,37.3069967201329,43.556798691525806,58.069621275833036
2025-11-13 17:28:02.271857,48.41417167425632,53.368986483873336,63.979717982129216
2025-11-13 17:28:05.271857,51.884221992546806,47.04836131883977,47.882819097638766
2025-11-13 17:28:08.271857,40.07329693988964,58.019777885673676,58.35333018602685
2025-11-13 17:28:11.271857,41.42584847511896,28.442012264575283,69.49872171966246
2025-11-13 17:28:14.271857,49.197953961829526,35.89634190537175,71.75197697378067
2025-11-13 17:28:17.271857,54.283480818193404,56.51450572153146,67.53540447975679
2025-11-13 17:28:20.271857,47.47212363253807,51.48227201473537,54.620082465381685
2025-11-13 17:28:23.271857,34.20129560150521,57.2653609359647,53.40594028852515
2025-11-13 17:28:26.271857,42.074124728449306,68.7173990653571,65.76973131989271
2025-11-13 17:28:29.271857,47.839722689079515,58.755964531904205,61.86012741619146
2025-11-13 17:28:32.271857,49.21906814703144,48.52122395889778,71.57332559280697
2025-11-13 17:28:35.271857,41.885187327750394,57.263723674226114,56.287938470053035
2025-11-13 17:28:38.271857,46.60898657456565,44.71741980890891,50.97557723731484
2025-11-13 17:28:41.271857,54.554238985036974,54.4391250496376,63.804197214606496
2025-11-13 17:28:44.271857,37.79465057058545,46.627358859358054,59.35476845335031
2025-11-13 17:28:47.271857,49.59435797431409,55.19096051703157,49.629828987794234
2025-11-13 17:28:50.271857,44.063421496888246,47.20867235893504,63.92093492441195
2025-11-13 17:28:53.271857,48.00106562633219,50.137035662048255,56.496803521122146
2025-11-13 17:28:56.271857,51.45053924785233,43.41275845049556,71.25282719870427
2025-11-13 17:28:59.271857,46.548061232621286,51.17421838757705,63.40935377478095
2025-11-13 17:29:02.271857,49.11459952108383,45.98828465049526,72.29593292194554
2025-11-13 17:29:05.271857,33.7991576133674,36.952533732979134,55.82808059651853
2025-11-13 17:29:08.271857,36.51877683241775,56.24904499591232,65.86758793528344
2025-11-13 17:29:11.271857,48.40704209960498,43.14117989657254,68.23383425054902
2025-11-13 17:29:14.271857,47.22701038315629,41.42550791716032,58.883722791122956
2025-11-13 17:29:17.271857,51.88339769125138,38.09330748171077,59.91931526007267
2025-11-13 17:29:20.271857,40.68880359583484,47.13176149831243,56.88968631418026
2025-11-13 17:29:23.271857,41.063672069353316,40.19031210006427,59.86534768444209
2025-11-13 17:29:26.271857,53.312967978353264,46.20812161776174,64.36792649693915
2025-11-13 17:29:29.271857,47.33906649201208,49.15981724106886,68.12530961316047
2025-11-13 17:29:32.271857,49.957115221706275,43.47434486730249,66.95076928266535
2025-11-13 17:29:35.271857,46.65662738986123,49.55882998419629,47.68045783580523
2025-11-13 17:29:38.271857,48.72921328603657,48.18394707056498,52.23055650860113
2025-11-13 17:29:41.271857,43.73244983309796,32.2602965903062,70.10285587363532
2025-11-13 17:29:44.271857,41.67198556773046,54.10518432996274,52.476131411223356
2025-11-13 17:29:47.271857,44.25551077391585,43.50968460469377,64.03870474784203
2025-11-13 17:29:50.271857,46.791517505235205,52.06391595409195,66.38886304419295
2025-11-13 17:29:53.271857,38.301112857048885,54.14760886627871,61.45335813207255
2025-11-13 17:29:56.271857,46.08305249065355,58.647580629065004,65.56647409275075
2025-11-13 17:29:59.271857,41.97033384699341,61.52824692254474,49.834580433370796
2025-11-13 17:30:02.271857,41.00522903934339,48.06079813649052,67.81994570183957
2025-11-13 17:30:05.271857,39.93860625929292,57.52276668499563,54.532566587119774
2025-11-13 17:30:08.271857,37.25184488551448,60.08208648945628,63.6023045914713
2025-11-13 17:30:11.271857,44.74463977446119,45.806161956986344,53.51133806215256
2025-11-13 17:30:14.271857,37.75245283687347,50.66837600003225,56.3006856454598
2025-11-13 17:30:17.271857,38.75523857416806,56.01662118820169,61.123882409897526
2025-11-13 17:30:20.271857,40.229846985833234,63.11407651873351,55.783219281934436
2025-11-13 17:30:23.271857,48.22483737684288,47.23394427637015,58.325023726866355
2025-11-13 17:30:26.271857,46.45906179215233,41.125210599414785,51.15007157480292
2025-11-13 17:30:29.271857,47.10874989039924,50.260907543115366,58.27088714770794
2025-11-13 17:30:32.271857,38.68774753896063,42.082465418766695,66.8507449674303
2025-11-13 17:30:35.271857,45.40902818493371,42.592788695252636,57.30983431843433
2025-11-13 17:30:38.271857,32.1937897418761,41.074502913237424,59.16269546444184
2025-11-13 17:30:41.271857,44.72678258259795,58.2150586286352,56.85164968131237
2025-11-13 17:30:44.271857,46.06018845274194,42.548207462661054,71.52538796899138
2025-11-13 17:30:47.271857,40.26002848990319,40.68992909126941,58.792382205769556
2025-11-13 17:30:50.271857,47.548136848037124,49.59968520586184,60.188947051814665
2025-11-13 17:30:53.271857,44.396349643962516,51.72541040638559,54.55032634327474
2025-11-13 17:30:56.271857,45.37292250876837,53.78099665678199,54.355383941679364
2025-11-13 17:30:59.271857,48.348257912261566,38.95006127213249,56.51315173263125
2025-11-13 17:31:02.271857,48.15060038242489,53.54523262290171,59.97149256490447
2025-11-13 17:31:05.271857,41.897961675989066,46.784077251749665,65.762466802342
2025-11-13 17:31:08.271857,54.901371999010294,56.25496699292731,62.40505549813301
2025-11-13 17:31:11.271857,44.91493296563056,63.94238878682447,54.76071912046475
2025-11-13 17:31:14.271857,45.0662973780204,51.28594163982811,63.037602581284375
2025-11-13 17:31:17.271857,43.170715992696735,55.22072117647938,66.26299707596894
2025-11-13 17:31:20.271857,38.809421395556456,48.195091765418205,60.6315503384058
2025-11-13 17:31:23.271857,46.4204382307791,57.22030276025678,54.99821346319841
2025-11-13 17:31:26.271857,40.98855973162941,47.782092784144105,59.52904071983993
2025-11-13 17:31:29.271857,46.37378638013364,48.81243937650744,65.70995022661695
2025-11-13 17:31:32.271857,53.55909750627944,68.23957167114091,70.7437678456541
2025-11-13 17:31:35.271857,41.83329166017851,62.5591313839493,58.88591221410781
2025-11-13 17:31:38.271857,44.275999333962105,50.40209380690661,60.76606791070741
2025-11-13 17:31:41.271857,46.175368868436195,48.78031562669665,62.71108216984933
2025-11-13 17:31:44.271857,53.473687493587285,43.60375588180312,60.32295790412691
2025-11-13 17:31:47.271857,40.46207231913795,49.36766187361275,62.36689941473278
2025-11-13 17:31:50.271857,51.87798619615826,46.039334121296605,56.7309826158922
2025-11-13 17:31:53.271857,47.821109196507024,49.38557903388067,67.3057915873346
2025-11-13 17:31:56.271857,47.5899145328448,55.97389702328916,61.752618978737516
2025-11-13 17:31:59.271857,47.071671455637606,55.87048437346249,67.80854083329957
2025-11-13 17:32:02.271857,46.27439146079442,62.47837831973232,56.68640417349003
2025-11-13 17:32:05.271857,46.65352790672387,48.4849412434367,62.11558767823361
2025-11-13 17:32:08.271857,41.00558612412669,45.126392073233646,60.79259583784846
2025-11-13 17:32:11.271857,40.64495157217765,51.159332164620295,53.344093766129305
2025-11-13 17:32:14.271857,39.8800653669121,55.24388781809338,62.6650475376646
2025-11-13 17:32:17.271857,45.221158006582236,58.30898170905549,64.5893643993398
2025-11-13 17:32:20.271857,40.78627583971762,52.45940131463357,57.79047630192554
2025-11-13 17:32:23.271857,39.912592298658964,49.10955146845255,57.135117517897065
2025-11-13 17:32:26.271857,45.82732731356988,56.172454239524725,56.54353459027313
2025-11-13 17:32:29.271857,35.0167432809148,45.0645531610937,57.11427123110784
2025-11-13 17:32:32.271857,35.671916689360614,37.615573822237955,64.18981650349858
2025-11-13 17:32:35.271857,45.360893757791146,41.691610998932916,58.80631548407335
2025-11-13 17:32:38.271857,42.85865263941052,41.30766887652943,49.05712111434221
2025-11-13 17:32:41.271857,45.99861731208218,55.12609906355466,57.09397924523815
2025-11-13 17:32:44.271857,45.050034656767814,40.22879723926386,52.68061190773493
2025-11-13 17:32:47.271857,40.30721967364562,62.07081574375008,60.081682783330926
2025-11-13 17:32:50.271857,40.501434973756,60.77896350186774,57.919054376750495
2025-11-13 17:32:53.271857,54.98372727903465,56.136903622178224,55.77628972365718
2025-11-13 17:32:56.271857,48.53707138853733,52.66412185955997,70.12247075838118
2025-11-13 17:32:59.271857,40.81466695882738,50.76192018883145,66.08526688426097
2025-11-13 17:33:02.271857,52.73806814618874,47.789782865663526,60.366733679940644
2025-11-13 17:33:05.271857,38.395373550225344,54.6323189607991,61.190638025107255
2025-11-13 17:33:08.271857,41.33691503623657,41.36242115705161,64.21394239695398
2025-11-13 17:33:11.271857,42.19844420685001,51.943512567944715,45.01268501339032
2025-11-13 17:33:14.271857,47.843386350403,42.25469548902317,49.367043987215595
2025-11-13 17:33:17.271857,50.78253872090863,56.07455083429093,64.60353816926711
2025-11-13 17:33:20.271857,41.59104631225223,48.973248310551405,57.35305047843757
2025-11-13 17:33:23.271857,40.36912325424833,46.734198311391985,65.63343457451242
2025-11-13 17:33:26.271857,43.03275593062111,37.96450956999974,62.7898068536234
2025-11-13 17:33:29.271857,40.1340079233435,47.94335071506575,63.388620172625195
2025-11-13 17:33:32.271857,39.22878411614546,56.46861661485321,60.86148334842097
2025-11-13 17:33:35.271857,45.40310762574043,46.0298632567564,59.75968352702754
2025-11-13 17:33:38.271857,47.2097668575528,54.271258875023356,72.57769763835512
2025-11-13 17:33:41.271857,40.77366679934905,45.00351910464517,59.596404899084966
2025-11-13 17:33:44.271857,43.382851125902725,59.526835744947455,60.23406208532719
2025-11-13 17:33:47.271857,49.108066627605794,55.70500745117483,47.34207523321808
2025-11-13 17:33:50.271857,40.86881252773344,42.80741937250157,60.31782689607117
2025-11-13 17:33:53.271857,42.015938986758215,54.36014840903683,62.96029699991712
2025-11-13 17:33:56.271857,44.22238912559185,33.38609315165061,61.724739164782264
2025-11-13 17:33:59.271857,45.892589725627296,46.1114308669886,55.889440456907394
2025-11-13 17:34:02.271857,44.34946750523136,43.39360221427788,59.153552133290574
2025-11-13 17:34:05.271857,33.76112232228094,60.70113714574421,57.55011519035884
2025-11-13 17:34:08.271857,47.27446153431632,51.980601253499295,54.62861642228828
2025-11-13 17:34:11.271857,46.622044642212444,55.344467798044086,54.428532748795
2025-11-13 17:34:14.271857,40.5441447765605,51.933233657468335,63.9500874095198
2025-11-13 17:34:17.271857,43.41336125838972,48.00649414085604,64.55590472654283
2025-11-13 17:34:20.271857,50.904938598792285,70.0393104078426,58.598633954399205
2025-11-13 17:34:23.271857,44.585911463922024,59.35682577069003,66.18013698599155
2025-11-13 17:34:26.271857,40.43387812835527,60.04529848876902,59.941804590421185
2025-11-13 17:34:29.271857,46.80110085385446,48.99604665706041,68.16018263907841
2025-11-13 17:34:32.271857,42.29418332106118,49.99874103794485,57.622336556334936
2025-11-13 17:34:35.271857,51.06166984853237,59.36708450542121,61.25219539615707
2025-11-13 17:34:38.271857,45.52272710353828,59.90337251487767,55.98110606094916
2025-11-13 17:34:41.271857,39.788600374459634,41.46109945772609,68.72231460761185
2025-11-13 17:34:44.271857,44.22618974653841,48.67378226243214,54.93078211705836
2025-11-13 17:34:47.271857,41.6434859957877,37.555502091575335,67.45934161341596
2025-11-13 17:34:50.271857,41.1434949589026,39.997240639991475,69.92428601841037
2025-11-13 17:34:53.271857,32.44775708460661,41.02033173911737,69.83840485779302
2025-11-13 17:34:56.271857,50.910284976671655,35.71573704300955,71.26713858246451
2025-11-13 17:34:59.271857,45.784094908349886,44.50627264133359,68.62456124638953
2025-11-13 17:35:02.271857,30.01450343648257,38.65405437918124,56.45735945136226
2025-11-13 17:35:05.271857,38.51375963059151,59.845989765909046,55.31421360063415
2025-11-13 17:35:08.271857,53.64868396604636,56.76044116796055,37.01096923852341
2025-11-13 17:35:11.271857,38.82836639390176,44.31278795109657,63.38121500398654
2025-11-13 17:35:14.271857,44.18263853893388,46.134644392706804,57.8227232244541
2025-11-13 17:35:17.271857,44.69547682125668,50.082912561269076,62.10058938568001
2025-11-13 17:35:20.271857,40.17821938632713,51.248911844449836,63.00952488125747
2025-11-13 17:35:23.271857,39.48839092088895,47.1805851692102,65.45163826286922
2025-11-13 17:35:26.271857,45.68222093485559,52.21419042473146,63.75704339544922
2025-11-13 17:35:29.271857,46.865918274173225,52.019646472431866,55.6643899737362
2025-11-13 17:35:32.271857,45.8566639870198,48.091207036843684,50.38062144658862
2025-11-13 17:35:35.271857,45.69962783535608,54.084421217300495,68.95431086239428
2025-11-13 17:35:38.271857,47.59324214127615,53.14003886382348,59.71208795001495
2025-11-13 17:35:41.271857,47.36697540578899,56.943984026526124,53.594824210006635
2025-11-13 17:35:44.271857,51.47127679007121,49.23968806741563,58.88442592677583
2025-11-13 17:35:47.271857,44.340842947216856,59.299721658403485,51.632941546244325
2025-11-13 17:35:50.271857,45.354177207426034,62.4076873248639,65.02644855975117
2025-11-13 17:35:53.271857,50.37017474181779,47.73088535694457,66.45152061157731
2025-11-13 17:35:56.271857,51.28591526391609,35.88962904201381,38.469940935750756
2025-11-13 17:35:59.271857,50.77068017826592,58.908014704122756,67.5190122553215
2025-11-13 17:36:02.271857,50.70348016165681,37.064732361613984,57.13929034483445
2025-11-13 17:36:05.271857,39.17966631646033,49.710180649942075,48.04568794803825
2025-11-13 17:36:08.271857,42.761036343032295,47.147698659048714,48.886559715815906
2025-11-13 17:36:11.271857,46.45309243063547,57.77283124798461,60.16320932353992
2025-11-13 17:36:14.271857,44.43650899634559,61.11174290431178,62.36035062290304
2025-11-13 17:36:17.271857,43.702251727472024,52.68732087676156,61.70010647092513
2025-11-13 17:36:20.271857,33.909743349461706,51.107274298549754,69.50179630361036
2025-11-13 17:36:23.271857,47.67286842978115,49.88698025562471,54.239970980994514
2025-11-13 17:36:26.271857,50.26305883215536,62.27106223208562,73.7546038187964
2025-11-13 17:36:29.271857,43.14237884239417,51.34474604359735,66.72185864450985
2025-11-13 17:36:32.271857,42.042426557313675,38.178968257561344,63.43221679894436
2025-11-13 17:36:35.271857,46.29709721014706,47.66260040363875,52.27044211258259
2025-11-13 17:36:38.271857,48.28657780536899,45.73060817405305,58.474393882648656
2025-11-13 17:36:41.271857,44.57705983520736,48.77739632146494,54.2973067826845
2025-11-13 17:36:44.271857,40.25160328587435,56.82558387904824,57.24795919976306
2025-11-13 17:36:47.271857,39.70321656166125,44.28447749349757,58.01837814737773
2025-11-13 17:36:50.271857,53.15643608444616,41.1645863817658,59.261414771478194
2025-11-13 17:36:53.271857,43.633907184090795,43.52406010376569,65.04470210803237
2025-11-13 17:36:56.271857,41.21942767641856,51.70417376620535,55.41385050781299
2025-11-13 17:36:59.271857,54.98998181915122,48.18392858014569,67.14365853021853
2025-11-13 17:37:02.271857,38.39625275254169,45.26077058632133,56.269431930137515
2025-11-13 17:37:05.271857,44.04955002039604,46.22084709964957,59.012507750008176
2025-11-13 17:37:08.271857,49.27471159447248,43.046545271485414,54.604652180873885
2025-11-13 17:37:11.271857,43.89168899773258,52.234667940926,65.76519818652076
2025-11-13 17:37:14.271857,49.65724954794362,44.676075693038214,71.87164576815401
2025-11-13 17:37:17.271857,44.43654139935001,45.889593088411054,59.47456438261219
2025-11-13 17:37:20.271857,49.395733453627926,50.535220529700716,58.417177994398095
2025-11-13 17:37:23.271857,48.54270970663139,54.06216135823847,56.044038332533
2025-11-13 17:37:26.271857,36.27492447894355,50.713638966267446,50.6574886669753
2025-11-13 17:37:29.271857,52.10098846463825,38.36339332672954,60.85846021521789
2025-11-13 17:37:32.271857,52.68937350616521,37.92033410555254,60.19855781199945
2025-11-13 17:37:35.271857,44.427705951526036,54.3745999957693,68.85088891861467
2025-11-13 17:37:38.271857,45.891640058986006,44.96384811662636,52.87749985774124
2025-11-13 17:37:41.271857,48.23227741891128,64.43030445459205,61.94258476462135
2025-11-13 17:37:44.271857,45.14272925857069,49.914348364844855,64.17735738773371
2025-11-13 17:37:47.271857,51.95749148515026,48.0624112315188,63.896613607191036
2025-11-13 17:37:50.271857,45.953415966819776,55.65457262600186,74.98391258268775
2025-11-13 17:37:53.271857,42.980663192712136,57.38357014626121,69.74877623384612
2025-11-13 17:37:56.271857,50.566292208973216,50.89670961732963,49.73647188260856
2025-11-13 17:37:59.271857,50.366454454177,52.13155502038163,52.47418279316668
2025-11-13 17:38:02.271857,38.31511244914236,58.07020257574146,57.85096030886902
2025-11-13 17:38:05.271857,56.54095711333159,54.293529983329506,72.74869240772857
2025-11-13 17:38:08.271857,41.349867190897854,53.9898028702777,63.18090224116083
2025-11-13 17:38:11.271857,53.28892531236397,59.62170156373453,61.53959516251935
2025-11-13 17:38:14.271857,38.79886578132514,58.00471463828567,66.48590905814171
2025-11-13 17:38:17.271857,37.118548281945344,40.04238949146376,55.33312241298055
2025-11-13 17:38:20.271857,41.66619822669649,44.91652162276154,63.825918698396215
2025-11-13 17:38:23.271857,46.894118168663724,58.38958284362882,70.43373482255281
2025-11-13 17:38:26.271857,40.87157583061089,50.840617140358766,61.89701556898009
2025-11-13 17:38:29.271857,40.060873728879926,49.994758755569556,72.11040222863227
2025-11-13 17:38:32.271857,48.53253176194328,54.35024565049399,56.59183297293414
2025-11-13 17:38:35.271857,48.29679996943672,51.49902105919723,59.13251310034108
2025-11-13 17:38:38.271857,47.00362647455249,42.14632791094311,62.59379997415269
2025-11-13 17:38:41.271857,45.50066625263278,63.585386565299586,59.44302657039276
2025-11-13 17:38:44.271857,46.58931112304394,52.43447913334956,63.70620007204863
2025-11-13 17:38:47.271857,46.45458457164456,41.57992422865296,73.47497464169587
2025-11-13 17:38:50.271857,53.90097969879899,57.197450387188184,57.83500580912182
2025-11-13 17:38:53.271857,45.251563277421276,52.42095026451888,60.66046993722034
2025-11-13 17:38:56.271857,42.13390757842254,62.57824077223143,59.24573105778346
2025-11-13 17:38:59.271857,50.548975239087646,46.18188097457761,49.74260645430142
2025-11-13 17:39:02.271857,49.90386165488587,53.0413017216991,53.72308378348299
2025-11-13 17:39:05.271857,42.563560383055915,39.50990815359752,54.21300045652629
2025-11-13 17:39:08.271857,45.85034863556917,55.27887177063745,58.69787718940152
2025-11-13 17:39:11.271857,39.45472898552819,43.30052050621344,59.05099869196698
2025-11-13 17:39:14.271857,48.84990924568685,51.78529242942043,50.92281702278677
2025-11-13 17:39:17.271857,52.0854993631075,57.06639513879885,58.522682520970946
2025-11-13 17:39:20.271857,44.10553651296914,38.845400713546766,61.04125739953055
2025-11-13 17:39:23.271857,48.68204480738355,50.567242968479505,54.81159174601497
2025-11-13 17:39:26.271857,49.6130645139526,35.98353687972881,53.89849169579951
2025-11-13 17:39:29.271857,50.614548696900584,40.34440320134795,60.67105002366138
2025-11-13 17:39:32.271857,40.0459036089112,44.67660616554245,60.375578602796814
2025-11-13 17:39:35.271857,42.64364126957901,55.775360082223,60.50745937414278
2025-11-13 17:39:38.271857,47.05509550110838,45.373541849284535,67.72731043479506
2025-11-13 17:39:41.271857,44.24900407031404,48.36962739610963,54.87096370961304
2025-11-13 17:39:44.271857,47.0802152457304,44.05151743380938,59.88748949254057
2025-11-13 17:39:47.271857,51.48123856203211,42.84388119428448,59.062309685706815
2025-11-13 17:39:50.271857,44.00505738147678,41.87439891965816,62.303522025500335
2025-11-13 17:39:53.271857,45.06814454647187,47.81509206654747,64.29361308755155
2025-11-13 17:39:56.271857,41.98234321361503,50.40954065307576,75.24887463372157
2025-11-13 17:39:59.271857,44.67563300957506,67.22761441074343,59.19145687835249
2025-11-13 17:40:02.271857,53.47941176211413,34.10957351442309,57.23378945779733
2025-11-13 17:40:05.271857,47.89313147647992,50.41078148509925,60.984398488132705
2025-11-13 17:40:08.271857,39.061759469030505,44.405319916224514,55.68373810174837
2025-11-13 17:40:11.271857,47.03800744314324,54.76366449301848,57.6997778361828
2025-11-13 17:40:14.271857,50.603585672097815,48.43361914920548,64.2258238196728
2025-11-13 17:40:17.271857,39.51248890137415,44.28852336003743,67.1862930130682
2025-11-13 17:40:20.271857,53.61020598400782,44.46719432619936,60.772629707438014
2025-11-13 17:40:23.271857,41.23024754833054,52.36898529086659,51.71278775574135
2025-11-13 17:40:26.271857,36.08736492302929,46.401692106641605,62.75887193648176
2025-11-13 17:40:29.271857,56.030339846119034,38.091378724572415,59.0219702201383
2025-11-13 17:40:32.271857,54.97937281518089,53.71631210117786,45.9025580320492
2025-11-13 17:40:35.271857,50.910309657784204,45.74237895310739,62.17132662678586
2025-11-13 17:40:38.271857,50.63153475817087,46.33692419690763,59.08136638670539
2025-11-13 17:40:41.271857,43.646019526609386,51.68920698344253,55.00893736143472
2025-11-13 17:40:44.271857,55.56962123820865,63.38662504607299,69.26635858583703
2025-11-13 17:40:47.271857,46.8677317492614,48.5781306982148,62.05154199982195
2025-11-13 17:40:50.271857,42.245246304367726,50.64565712812281,59.23029123885917
2025-11-13 17:40:53.271857,51.114638657724754,56.911985559278456,64.14402271864884
2025-11-13 17:40:56.271857,48.63419364838861,39.55261946547064,58.504470230674634
2025-11-13 17:40:59.271857,43.288251326150686,33.57537102365873,60.035691270980024
2025-11-13 17:41:02.271857,37.97839206470992,47.64738517870833,58.44708258011434
2025-11-13 17:41:05.271857,52.437579202683835,60.87314568791007,67.20691131948914
2025-11-13 17:41:08.271857,44.3244914382403,51.90683970501877,64.03276480616725
2025-11-13 17:41:11.271857,49.85542697771146,59.07321035946381,69.80817829915487
2025-11-13 17:41:14.271857,32.01213085586471,48.890570644535885,58.77687852891557
2025-11-13 17:41:17.271857,46.72315464342723,48.262019673662564,60.08131321207674
2025-11-13 17:41:20.271857,42.6489919034278,64.38513321662515,48.366462090700715
2025-11-13 17:41:23.271857,44.35814468428419,54.52006461394442,57.87064124381233
2025-11-13 17:41:26.271857,44.911325449354464,62.72327681915674,67.02769235857588
2025-11-13 17:41:29.271857,36.46390178518206,42.216765587085945,64.83974978866596
2025-11-13 17:41:32.271857,40.560459852847146,49.93406674507397,55.20417417104697
2025-11-13 17:41:35.271857,50.908586518649976,58.65706519083029,59.44653126327786
2025-11-13 17:41:38.271857,40.12303853513416,43.68491267314308,53.02481586352502
2025-11-13 17:41:41.271857,51.242581271598254,44.77095893979575,64.22608283475225
2025-11-13 17:41:44.271857,53.60302995144217,57.66876550183436,58.96046314624904
2025-11-13 17:41:47.271857,44.875920924999114,42.56931474300233,56.74851569948849
2025-11-13 17:41:50.271857,49.83241409390284,43.86564782697713,42.81748279775865
2025-11-13 17:41:53.271857,46.194582177373526,47.66271253588553,63.36379701972406
2025-11-13 17:41:56.271857,47.72801615059819,48.712329019725736,61.14604326715053
2025-11-13 17:41:59.271857,53.41720992197678,38.049950449278256,67.32255926672393
2025-11-13 17:42:02.271857,34.989938168971435,54.37214083045298,55.395322206145835
2025-11-13 17:42:05.271857,53.30615777939845,45.58637114928938,55.7226496977579
2025-11-13 17:42:08.271857,45.08559234575377,44.38486476183702,57.482935421231886
2025-11-13 17:42:11.271857,47.86083882475824,57.6056463140551,58.1519113879473
2025-11-13 17:42:14.271857,45.477917825104115,52.5051590675458,56.49383886714738
2025-11-13 17:42:17.271857,47.654621713631464,54.524833141654554,62.21063182010331
2025-11-13 17:42:20.271857,47.19967810476686,56.20365275630653,69.42710265483585
2025-11-13 17:42:23.271857,43.525929392754755,41.77832428361748,75.88724225841507
2025-11-13 17:42:26.271857,42.48259700344522,44.03891898518428,60.095006494632344
2025-11-13 17:42:29.271857,49.61573364488274,50.37845039475594,51.26852478091802
2025-11-13 17:42:32.271857,38.45841098691005,43.2041041468009,58.69912988559082
2025-11-13 17:42:35.271857,39.52204580720395,38.81913062032511,62.70038151084049
2025-11-13 17:42:38.271857,39.06952182603749,43.029942808110626,56.96706378077697
2025-11-13 17:42:41.271857,41.52369825516526,38.918550892926234,51.054886300443435
2025-11-13 17:42:44.271857,43.050755945101834,45.497808036877956,62.681285394867736
2025-11-13 17:42:47.271857,37.65963909052321,48.87810107294645,61.52451379720242
2025-11-13 17:42:50.271857,49.240636106675936,54.47678571957855,53.99977193256398
2025-11-13 17:42:53.271857,51.49018854841717,49.94342883625174,58.6547627250044
2025-11-13 17:42:56.271857,38.926524108926046,53.64018342981155,63.00898368257604
2025-11-13 17:42:59.271857,39.819801954380324,42.23845465716134,61.00146409768202
2025-11-13 17:43:02.271857,41.13607711451834,40.58291053561628,56.8605476241331
2025-11-13 17:43:05.271857,40.30371722252616,25.873961984800598,60.83319938950133
2025-11-13 17:43:08.271857,43.56990871697034,56.41625206696762,55.276854765516845
2025-11-13 17:43:11.271857,45.77665004489754,68.32106232666133,65.2072443721377
2025-11-13 17:43:14.271857,54.82938539569976,47.20165417975014,55.84112700318402
2025-11-13 17:43:17.271857,32.29500256304384,39.87942697948862,65.94252972064645
2025-11-13 17:43:20.271857,49.54153039259719,44.262652462481356,59.796739035959895
2025-11-13 17:43:23.271857,36.227806582181216,46.045952843070964,56.14061264249584
2025-11-13 17:43:26.271857,51.31103928308662,48.96274461131377,56.929021890517426
2025-11-13 17:43:29.271857,50.79368310391917,59.0527321585538,71.89387063237632
2025-11-13 17:43:32.271857,46.38602106535984,37.019606880782774,60.73001807574974
2025-11-13 17:43:35.271857,43.93888233157509,44.27620275614328,53.303150021877585
2025-11-13 17:43:38.271857,48.78707434125757,44.59834081368574,56.00847679890034
2025-11-13 17:43:41.271857,40.27667157743659,38.22128743645378,58.83387578457364
2025-11-13 17:43:44.271857,41.943665144057235,46.11103654033722,61.70090643006988
2025-11-13 17:43:47.271857,47.897367670167384,66.15321117084704,66.45611101494275
2025-11-13 17:43:50.271857,46.38311316979562,57.06083987861509,66.31943566848982
2025-11-13 17:43:53.271857,57.12645390204064,52.20157110604176,55.10698966937842
2025-11-13 17:43:56.271857,42.84936528592043,48.416266717460594,52.91822084533093
2025-11-13 17:43:59.271857,42.07761887848435,40.54924566497027,65.03895354368434
2025-11-13 17:44:02.271857,47.613222756739646,50.56266226278952,63.59223149246438
2025-11-13 17:44:05.271857,47.467301916175174,45.57411372419159,66.23869290793596
2025-11-13 17:44:08.271857,52.849154701834635,58.28282153167066,58.53412920630617
2025-11-13 17:44:11.271857,44.8873230590647,52.7986710892188,70.18668528069246
2025-11-13 17:44:14.271857,39.726602781021526,56.846751255028224,44.489579626024906
2025-11-13 17:44:17.271857,45.213932370314296,53.087163529239255,59.92251543972878
2025-11-13 17:44:20.271857,45.26743546141491,42.57038811694368,60.600687560584994
2025-11-13 17:44:23.271857,38.2858175342956,68.35176445300145,65.05427620453553
2025-11-13 17:44:26.271857,50.42099201767136,46.971593008521715,56.850577060682596
2025-11-13 17:44:29.271857,45.92932061137607,61.360113948548836,48.20034696066158
2025-11-13 17:44:32.271857,61.46255274433563,39.6568793707133,51.6691612576279
2025-11-13 17:44:35.271857,44.28619932144055,54.03360023669453,66.25011970437724
2025-11-13 17:44:38.271857,45.49301672700125,51.119450271975694,62.777401751917466
2025-11-13 17:44:41.271857,43.513564905209044,48.446757677206826,57.777066220321444
2025-11-13 17:44:44.271857,46.96620735430414,49.96451155579754,53.50411149655924
2025-11-13 17:44:47.271857,47.87728512734464,52.961963048869606,50.28881367985275
2025-11-13 17:44:50.271857,53.06426658245227,56.782885371195725,62.28797780897199
2025-11-13 17:44:53.271857,52.4815699326687,55.669886632282235,65.89913102882461
2025-11-13 17:44:56.271857,39.468652453666586,49.719176352997,57.10392350977341
2025-11-13 17:44:59.271857,51.3644871055749,58.25697026784043,52.97883798768467
2025-11-13 17:45:02.271857,50.65120273873052,43.61707109106519,59.41592892861578
2025-11-13 17:45:05.271857,49.49093928350264,44.579141495576316,64.99186808036362
2025-11-13 17:45:08.271857,45.259510544159276,62.02471045278406,45.828623151422136
2025-11-13 17:45:11.271857,46.8807853523876,45.53352620882311,53.787091575389496
2025-11-13 17:45:14.271857,38.61985588442414,55.102256185930145,68.05957288218283
2025-11-13 17:45:17.271857,42.73303178683859,63.6892886944938,64.25478739720944
2025-11-13 17:45:20.271857,53.453980388166514,52.184685746934264,66.01238688303401
2025-11-13 17:45:23.271857,44.62736906100253,52.20657963865504,59.296509743869954
2025-11-13 17:45:26.271857,45.277589458149315,49.24019062428616,61.34070674969942
2025-11-13 17:45:29.271857,48.03550816478102,54.56818966328733,58.7479376717303
2025-11-13 17:45:32.271857,41.03850955265344,44.30262187513837,55.401271756751534
2025-11-13 17:45:35.271857,35.895543409779684,37.53366115582986,59.27788762130044
2025-11-13 17:45:38.271857,48.53609434122582,63.24776676015838,63.051136610996394
2025-11-13 17:45:41.271857,45.51341697702797,53.26828059640199,59.07590697934261
2025-11-13 17:45:44.271857,39.40712498720366,48.05490779168653,55.49894608935178
2025-11-13 17:45:47.271857,42.17809410815328,53.59757613091703,58.39013397584351
2025-11-13 17:45:50.271857,61.82599617436219,44.690377269787284,60.592071559079514
2025-11-13 17:45:53.271857,44.38392741785648,45.234498875606405,63.666251698280284
2025-11-13 17:45:56.271857,45.468508791189564,61.1455333715974,61.85560420502267
2025-11-13 17:45:59.271857,33.38245029602271,41.5201842245845,61.30668643753833
2025-11-13 17:46:02.271857,49.65101845978437,26.006558402947178,57.10249077509095
2025-11-13 17:46:05.271857,40.43614802609818,52.51258429288256,50.779213215697695
2025-11-13 17:46:08.271857,47.14922675124406,53.31943353715841,54.134761041306575
2025-11-13 17:46:11.271857,53.712148834234775,57.005323078889134,59.92211875847306
2025-11-13 17:46:14.271857,48.604708680833475,55.465598091076494,63.5325011160379
2025-11-13 17:46:17.271857,48.592388820183764,35.82409576784551,65.55071183934066
2025-11-13 17:46:20.271857,47.54302134662469,46.227487917551905,60.97436608941442
2025-11-13 17:46:23.271857,43.10644482742612,54.8230730416773,55.06168551935683
2025-11-13 17:46:26.271857,48.677802540788775,51.34886170766973,59.72164078664393
2025-11-13 17:46:29.271857,44.99100139713244,51.96778224587775,59.43304672691153
2025-11-13 17:46:32.271857,55.818444212691375,64.55396715664278,58.42415665994425
2025-11-13 17:46:35.271857,51.20840147930772,55.46715587664278,60.59538643484238
2025-11-13 17:46:38.271857,40.36682467140789,51.05750059806373,56.81483053562189
2025-11-13 17:46:41.271857,53.929207809040804,48.86382943494231,59.414787367896395
